"","specimen","mean_length","mean_width","raw_aspect_ratio","ln_length","ln_width","ln_length_ln_width","species_name","domain"
"1","Abactochromis_labrosus_YPM-Ich-015189_8bit_v10_v+4",2.98037094712276,2.37313860492083,1.25587731830867,1.09204777167071,0.8642133849012,0.227834386769514,"Abactochromis_labrosus","precaudal"
"2","Abactochromis_labrosus_YPM-Ich-015189_8bit_v11_v+3",2.91720667322524,2.19396405586723,1.32965107856889,1.07062653966997,0.78570997879597,0.284916560874002,"Abactochromis_labrosus","precaudal"
"3","Abactochromis_labrosus_YPM-Ich-015189_8bit_v12_v+2",2.84743297876364,2.33228637064392,1.22087622455106,1.04641787919254,0.846849061396539,0.199568817796004,"Abactochromis_labrosus","precaudal"
"4","Abactochromis_labrosus_YPM-Ich-015189_8bit_v16_v-2",2.66040536671472,2.28134351520877,1.16615728800985,0.978478504684672,0.824764530476703,0.153713974207969,"Abactochromis_labrosus","caudal"
"5","Abactochromis_labrosus_YPM-Ich-015189_8bit_v17_v-3",2.66097082333369,2.19954024068541,1.20978501511957,0.978691027385906,0.788248357017959,0.190442670367947,"Abactochromis_labrosus","caudal"
"6","Abactochromis_labrosus_YPM-Ich-015189_8bit_v18_v-4",2.45587649157708,2.17401384401392,1.12965080619853,0.898483720574577,0.776575156670424,0.121908563904153,"Abactochromis_labrosus","caudal"
"7","Alticorpus_macrocleithrum_NHMUK_1984_10_22_2_5_8bit_a_v+2",2.93043338282401,2.18830965127156,1.33913104167924,1.07515032431767,0.78312939706536,0.292020927252307,"Alticorpus_macrocleithrum","precaudal"
"8","Alticorpus_macrocleithrum_NHMUK_1984_10_22_2_5_8bit_a_v+3",3.12572913873414,2.25114979553608,1.38850339721164,1.13966758036739,0.811441105928209,0.328226474439177,"Alticorpus_macrocleithrum","precaudal"
"9","Alticorpus_macrocleithrum_NHMUK_1984_10_22_2_5_8bit_a_v+4",2.9116118925268,2.24479312056545,1.29705132551074,1.0687068427868,0.808613365752243,0.260093477034559,"Alticorpus_macrocleithrum","precaudal"
"10","Alticorpus_macrocleithrum_NHMUK_1984_10_22_2_5_8bit_a_v-2",3.0170758553767,2.40900071921743,1.25241799693477,1.1042881025114,0.87921202218704,0.225076080324361,"Alticorpus_macrocleithrum","caudal"
"11","Alticorpus_macrocleithrum_NHMUK_1984_10_22_2_5_8bit_a_v-3",3.02651327641251,2.38962153194272,1.26652410683293,1.10741122306145,0.871134998568288,0.236276224493158,"Alticorpus_macrocleithrum","caudal"
"12","Alticorpus_macrocleithrum_NHMUK_1984_10_22_2_5_8bit_a_v-4",2.93990830878934,2.33913539230357,1.25683546085553,1.07837839337763,0.849781370622629,0.228597022755003,"Alticorpus_macrocleithrum","caudal"
"13","Astatotilapia_calliptera_NHMUK_1921_9_6_94_95_8bit_a_v+2",2.07029085370805,1.41328396510976,1.46487960298005,0.72768910644451,0.345916049618807,0.381773056825703,"Astatotilapia_calliptera","precaudal"
"14","Astatotilapia_calliptera_NHMUK_1921_9_6_94_95_8bit_a_v+3",2.08089648382828,1.37833948349403,1.50971259892614,0.732798802699134,0.320879501824698,0.411919300874437,"Astatotilapia_calliptera","precaudal"
"15","Astatotilapia_calliptera_NHMUK_1921_9_6_94_95_8bit_a_v+4",2.17157122912357,1.39586778093332,1.5557141290786,0.77545097426162,0.333516287056162,0.441934687205458,"Astatotilapia_calliptera","precaudal"
"16","Astatotilapia_calliptera_NHMUK_1921_9_6_94_95_8bit_a_v-2",2.12620946016528,1.50839482564364,1.40958416458239,0.754340798192393,0.411046056035294,0.343294742157099,"Astatotilapia_calliptera","caudal"
"17","Astatotilapia_calliptera_NHMUK_1921_9_6_94_95_8bit_a_v-3",2.10311503469979,1.48675494184624,1.41456737455882,0.743419595509762,0.396595853524544,0.346823741985218,"Astatotilapia_calliptera","caudal"
"18","Astatotilapia_calliptera_NHMUK_1921_9_6_94_95_8bit_a_v-4",2.08612701621382,1.4861564825564,1.40370616465999,0.735309244568503,0.396193245298134,0.339115999270369,"Astatotilapia_calliptera","caudal"
"19","Astatotilapia_calliptera_NHMUK_1957_11_29_16_26_8bit_a_v+2",1.68630704360293,1.00507208140603,1.67779712002735,0.522540956642481,0.00505926173115346,0.517481694911328,"Astatotilapia_calliptera","precaudal"
"20","Astatotilapia_calliptera_NHMUK_1957_11_29_16_26_8bit_a_v+3",1.70710551674564,0.999690523854003,1.70763398873124,0.534799256046958,-0.000309524043621364,0.53510878009058,"Astatotilapia_calliptera","precaudal"
"21","Astatotilapia_calliptera_NHMUK_1957_11_29_16_26_8bit_a_v+4",1.68970804440383,1.00351341291743,1.68379218718311,0.524555759220523,0.00350725530088517,0.521048503919638,"Astatotilapia_calliptera","precaudal"
"22","Astatotilapia_calliptera_NHMUK_1957_11_29_16_26_8bit_a_v-2",1.58486119546244,1.04724677643916,1.51335982226775,0.460496829653702,0.0461646027205836,0.414332226933118,"Astatotilapia_calliptera","caudal"
"23","Astatotilapia_calliptera_NHMUK_1957_11_29_16_26_8bit_a_v-3",1.58702414942858,1.04940759505451,1.51230480597593,0.461860658459736,0.0482258097652578,0.413634848694478,"Astatotilapia_calliptera","caudal"
"24","Astatotilapia_calliptera_NHMUK_1957_11_29_16_26_8bit_a_v-4",1.56463610732587,1.03618157613317,1.51000186006472,0.447653277674723,0.0355423950177107,0.412110882657012,"Astatotilapia_calliptera","caudal"
"25","Astatotilapia_calliptera_NHMUK_1966_7_28_21_24_a_v+2",1.79384287072775,1.26925405919045,1.41330481296384,0.584360173807275,0.238429372941845,0.34593080086543,"Astatotilapia_calliptera","precaudal"
"26","Astatotilapia_calliptera_NHMUK_1966_7_28_21_24_a_v+3",1.76702592064843,1.26335747787404,1.39867452529901,0.569297862527321,0.233772842017242,0.335525020510078,"Astatotilapia_calliptera","precaudal"
"27","Astatotilapia_calliptera_NHMUK_1966_7_28_21_24_a_v+4",1.76595237613154,1.26257709792618,1.3986887446574,0.568690134735219,0.233154947967121,0.335535186768098,"Astatotilapia_calliptera","precaudal"
"28","Astatotilapia_calliptera_NHMUK_1966_7_28_21_24_a_v-2",1.68341603076366,1.17743685347038,1.4297293530451,0.520825080598791,0.163339917844418,0.357485162754372,"Astatotilapia_calliptera","caudal"
"29","Astatotilapia_calliptera_NHMUK_1966_7_28_21_24_a_v-3",1.60625060739082,1.20608740950317,1.33178623268482,0.473902647803468,0.187381574536878,0.28652107326659,"Astatotilapia_calliptera","caudal"
"30","Astatotilapia_calliptera_NHMUK_1966_7_28_21_24_a_v-4",1.59542960388905,1.21545839100454,1.31261556602565,0.467143044101253,0.195121282188554,0.272021761912699,"Astatotilapia_calliptera","caudal"
"31","Astatotilapia_calliptera_NHMUK_1966_7_28_21_24_b_v+2",1.53522406879297,0.999223860508378,1.53641654234707,0.428676343541146,-0.000776440843814461,0.429452784384961,"Astatotilapia_calliptera","precaudal"
"32","Astatotilapia_calliptera_NHMUK_1966_7_28_21_24_b_v+3",1.58300364111523,1.03275991556325,1.53278958377454,0.459324081032191,0.0322347483750102,0.427089332657181,"Astatotilapia_calliptera","precaudal"
"33","Astatotilapia_calliptera_NHMUK_1966_7_28_21_24_b_v+4",1.60513620858092,1.03195461460339,1.55543294818041,0.473208618140588,0.0314546879948113,0.441753930145777,"Astatotilapia_calliptera","precaudal"
"34","Astatotilapia_calliptera_NHMUK_1966_7_28_21_24_b_v-2",1.56429107853495,1.01632309085758,1.53916711388992,0.447432736401743,0.0161913014166953,0.431241434985048,"Astatotilapia_calliptera","caudal"
"35","Astatotilapia_calliptera_NHMUK_1966_7_28_21_24_b_v-3",1.51768643285924,1.06900751586998,1.41971539987173,0.417187091666868,0.0667306627665373,0.350456428900331,"Astatotilapia_calliptera","caudal"
"36","Astatotilapia_calliptera_NHMUK_1966_7_28_21_24_b_v-4",1.5746054924178,1.06195725579396,1.48273904983169,0.454004759897419,0.0601136732281571,0.393891086669262,"Astatotilapia_calliptera","caudal"
"37","Astatotilapia_gigliolii_BanUni_G12D10_8bit_v10_v+4",1.68124260571173,1.19278289294222,1.40951267465333,0.519533166268661,0.176289142432462,0.343244023836198,"Astatotilapia_gigliolii","precaudal"
"38","Astatotilapia_gigliolii_BanUni_G12D10_8bit_v11_v+3",1.73430597860637,1.21555606618929,1.42675934648028,0.550607321041926,0.195201639740125,0.355405681301801,"Astatotilapia_gigliolii","precaudal"
"39","Astatotilapia_gigliolii_BanUni_G12D10_8bit_v12_v+2",1.70862505008079,1.24879825006287,1.36821544232206,0.535688982801258,0.222181688923159,0.313507293878099,"Astatotilapia_gigliolii","precaudal"
"40","Astatotilapia_gigliolii_BanUni_G12D10_8bit_v15_v-2",1.70717121701658,1.20532710978319,1.41635511485647,0.534837741662555,0.186750990504895,0.34808675115766,"Astatotilapia_gigliolii","caudal"
"41","Astatotilapia_gigliolii_BanUni_G12D10_8bit_v16_v-3",1.65782414874384,1.20516573080868,1.37559848107482,0.505505988810565,0.186617093426231,0.318888895384334,"Astatotilapia_gigliolii","caudal"
"42","Astatotilapia_gigliolii_BanUni_G12D10_8bit_v17_v-4",1.66461585271701,1.197184529524,1.39044216799132,0.509594377723781,0.179972574697743,0.329621803026038,"Astatotilapia_gigliolii","caudal"
"43","Astatotilapia_sp_ruaha_blue_BanUni_AU13_8bit_v+2",2.20822044550542,1.70521325577012,1.29498198423758,0.792186962881141,0.533690179612059,0.258496783269082,"Astatotilapia_sp","precaudal"
"44","Astatotilapia_sp_ruaha_blue_BanUni_AU13_8bit_v+3",2.18506854999724,1.68854141614751,1.29405682863413,0.781647201051879,0.523865088909572,0.257782112142307,"Astatotilapia_sp","precaudal"
"45","Astatotilapia_sp_ruaha_blue_BanUni_AU13_8bit_v+4",2.16651508912368,1.68715607789358,1.28412250503142,0.773119926920254,0.523044317300651,0.250075609619602,"Astatotilapia_sp","precaudal"
"46","Astatotilapia_sp_ruaha_blue_BanUni_AU13_8bit_v-2",2.10193811262261,1.7672350195492,1.18939365130892,0.742859829881754,0.569416189331458,0.173443640550296,"Astatotilapia_sp","caudal"
"47","Astatotilapia_sp_ruaha_blue_BanUni_AU13_8bit_v-3",2.06738686877827,1.73009575471054,1.1949551712091,0.726285427568891,0.548176756521622,0.178108671047269,"Astatotilapia_sp","caudal"
"48","Astatotilapia_sp_ruaha_blue_BanUni_AU13_8bit_v-4",2.04855658828372,1.67753130575063,1.22117338809786,0.717135441876953,0.517323251835988,0.199812190040964,"Astatotilapia_sp","caudal"
"49","Aulonocara_nyassae_YPM_Ich_27961_v10_v+4",1.54718301192322,1.09288055840392,1.41569268482805,0.436435865772449,0.0888169245441122,0.347618941228337,"Aulonocara_nyassae","precaudal"
"50","Aulonocara_nyassae_YPM_Ich_27961_v11_v+3",1.5424785778888,1.11787625775841,1.37982944640207,0.433390588784467,0.111430686816891,0.321959901967576,"Aulonocara_nyassae","precaudal"
"51","Aulonocara_nyassae_YPM_Ich_27961_v12_v+2",1.54620250384688,1.10304569473513,1.40175743509716,0.435801927258041,0.0980751670969718,0.337726760161069,"Aulonocara_nyassae","precaudal"
"52","Aulonocara_nyassae_YPM_Ich_27961_v16_v-2",1.59761484843014,1.07511141859592,1.48599933067087,0.468511797286428,0.0724243014143365,0.396087495872092,"Aulonocara_nyassae","caudal"
"53","Aulonocara_nyassae_YPM_Ich_27961_v17_v-3",1.55224223729122,1.08902743802622,1.42534722550659,0.439700490310578,0.085285039249784,0.354415451060794,"Aulonocara_nyassae","caudal"
"54","Aulonocara_nyassae_YPM_Ich_27961_v18_v-4",1.50951784975122,1.09578181507814,1.37757154661631,0.411790295037682,0.0914680948741833,0.320322200163499,"Aulonocara_nyassae","caudal"
"55","Caprichromis_orthognathus_YPM-Ich-014341_8bit_v12_v+4",3.9159245740279,2.78463294754834,1.40626238638582,1.3650514635093,1.02411606848092,0.340935395028385,"Caprichromis_orthognathus","precaudal"
"56","Caprichromis_orthognathus_YPM-Ich-014341_8bit_v13_v+3",4.04880345447611,2.89254228314145,1.39973872744184,1.39842139412723,1.06213579817814,0.336285595949094,"Caprichromis_orthognathus","precaudal"
"57","Caprichromis_orthognathus_YPM-Ich-014341_8bit_v14_v+2",3.89932161681366,2.81982774937992,1.38282262725839,1.36080259359876,1.03667580130428,0.324126792294481,"Caprichromis_orthognathus","precaudal"
"58","Caprichromis_orthognathus_YPM-Ich-014341_8bit_v18_v-2",4.00716221325361,3.01674986609664,1.32830443063496,1.3880833133037,1.10418004858495,0.28390326471875,"Caprichromis_orthognathus","caudal"
"59","Caprichromis_orthognathus_YPM-Ich-014341_8bit_v19_v-3",3.79693724966419,2.97174508764514,1.27767932231124,1.33419475481976,1.08914935185969,0.245045402960071,"Caprichromis_orthognathus","caudal"
"60","Caprichromis_orthognathus_YPM-Ich-014341_8bit_v20_v-4",3.92045011873597,3.00617882600178,1.30413070733725,1.3662064734185,1.10066977924923,0.265536694169275,"Caprichromis_orthognathus","caudal"
"61","Cheilochromis_euchilus_CAMZM_D08-J06_v10_v+4",2.45411135321194,2.14635304518155,1.14338661979271,0.897764721466234,0.763770143809837,0.133994577656397,"Cheilochromis_euchilus","precaudal"
"62","Cheilochromis_euchilus_CAMZM_D08-J06_v11_v+3",2.49938850110968,2.11894761959317,1.17954237188249,0.916046102398676,0.750919559581468,0.165126542817208,"Cheilochromis_euchilus","precaudal"
"63","Cheilochromis_euchilus_CAMZM_D08-J06_v12_v+2",2.57119632442346,1.97768992636921,1.30010083488864,0.944371286482146,0.681929459723732,0.262441826758413,"Cheilochromis_euchilus","precaudal"
"64","Cheilochromis_euchilus_CAMZM_D08-J06_v16_v-2",2.3944096567583,1.97747338460509,1.21084292481462,0.873136710607982,0.681819961456626,0.191316749151356,"Cheilochromis_euchilus","caudal"
"65","Cheilochromis_euchilus_CAMZM_D08-J06_v17_v-3",2.26185625411271,1.89864073063975,1.19130292404007,0.816185827537043,0.641138225221731,0.175047602315313,"Cheilochromis_euchilus","caudal"
"66","Cheilochromis_euchilus_CAMZM_D08-J06_v18_v-4",2.36267609378595,1.93560288830251,1.22064092178431,0.859794914660267,0.660418848136013,0.199376066524254,"Cheilochromis_euchilus","caudal"
"67","Chilotilapia_rhoadesii_CAMZM_D12-E06_v11_v+4",4.06652121360382,3.59665945981313,1.13063837681622,1.40278789528484,1.28000548684083,0.122782408444004,"Chilotilapia_rhoadesii","precaudal"
"68","Chilotilapia_rhoadesii_CAMZM_D12-E06_v12_v+3",4.15649890776492,3.4829451657488,1.19338626075421,1.42467311121137,1.2478782478631,0.176794863348279,"Chilotilapia_rhoadesii","precaudal"
"69","Chilotilapia_rhoadesii_CAMZM_D12-E06_v13_v+2",4.02695467006399,3.52122372083705,1.14362363465697,1.39301042530335,1.25880857715952,0.13420184814383,"Chilotilapia_rhoadesii","precaudal"
"70","Chilotilapia_rhoadesii_CAMZM_D12-E06_v17_v-2",4.09919629897941,3.56454080918049,1.1499928092903,1.41079092985575,1.27103524029118,0.13975568956457,"Chilotilapia_rhoadesii","caudal"
"71","Chilotilapia_rhoadesii_CAMZM_D12-E06_v18_v-3",4.03204796843141,3.44729559760316,1.16962640837496,1.39427442763069,1.23759003889225,0.156684388738438,"Chilotilapia_rhoadesii","caudal"
"72","Chilotilapia_rhoadesii_CAMZM_D12-E06_v19_v-4",4.17780977920463,3.35959641065614,1.2435451371341,1.42978713294629,1.21182085088447,0.217966282061819,"Chilotilapia_rhoadesii","caudal"
"73","Chindongo_elongatus_CAMZM_D01-D02_v+2",1.67534860090383,0.929639953135217,1.80214780491491,0.516021263565663,-0.0729579149620814,0.588979178527744,"Chindongo_elongatus","precaudal"
"74","Chindongo_elongatus_CAMZM_D01-D02_v+3",1.65673067553956,0.910860423278812,1.81886338806537,0.504846187840647,-0.0933656061071837,0.59821179394783,"Chindongo_elongatus","precaudal"
"75","Chindongo_elongatus_CAMZM_D01-D02_v+4",1.64365885719257,0.915396405061441,1.79557058352469,0.496924767310861,-0.088398077948108,0.585322845258969,"Chindongo_elongatus","precaudal"
"76","Chindongo_elongatus_CAMZM_D01-D02_v-2",1.4460445789975,0.906480703735384,1.59522930056725,0.368831952443593,-0.0981855355715605,0.467017488015153,"Chindongo_elongatus","caudal"
"77","Chindongo_elongatus_CAMZM_D01-D02_v-3",1.47341013068176,0.900312781658112,1.63655360747869,0.387579530960162,-0.105013040858507,0.492592571818669,"Chindongo_elongatus","caudal"
"78","Chindongo_elongatus_CAMZM_D01-D02_v-4",1.40468338118454,0.920662615009722,1.52573087935118,0.339811925920171,-0.0826616344766569,0.422473560396828,"Chindongo_elongatus","caudal"
"79","Copadichromis_chrysonotus_CAMZM_D10-G08_v11_v+4",2.51239016033237,1.56827264031383,1.60201108898362,0.921234555148918,0.4499747845644,0.471259770584518,"Copadichromis_chrysonotus","precaudal"
"80","Copadichromis_chrysonotus_CAMZM_D10-G08_v12_v+3",2.50276270289117,1.57435465668308,1.58970705378679,0.917395202877912,0.453845446521973,0.463549756355939,"Copadichromis_chrysonotus","precaudal"
"81","Copadichromis_chrysonotus_CAMZM_D10-G08_v13_v+2",2.50103642852604,1.60560312238938,1.55769280319045,0.916705217373587,0.473499463185056,0.44320575418853,"Copadichromis_chrysonotus","precaudal"
"82","Copadichromis_chrysonotus_CAMZM_D10-G08_v17_v-2",2.4470485261899,1.73042311955386,1.41413305135498,0.894882615154752,0.548365956382215,0.346516658772537,"Copadichromis_chrysonotus","caudal"
"83","Copadichromis_chrysonotus_CAMZM_D10-G08_v18_v-3",2.52659320782771,1.76973710952978,1.42766583478551,0.92687183714442,0.570831009865313,0.356040827279107,"Copadichromis_chrysonotus","caudal"
"84","Copadichromis_chrysonotus_CAMZM_D10-G08_v19_v-4",2.51886633732796,1.74816785898939,1.44086068415884,0.923808934163502,0.558568301792972,0.36524063237053,"Copadichromis_chrysonotus","caudal"
"85","Copadichromis_likomae_NHMUK_1962_10_18_113_118_8bit_b_v+2",2.36587982211854,1.83633664918718,1.28836933204255,0.861149970571537,0.607772635513624,0.253377335057913,"Copadichromis_likomae","precaudal"
"86","Copadichromis_likomae_NHMUK_1962_10_18_113_118_8bit_b_v+3",2.48723390619753,1.86062894199292,1.33677051348748,0.911171211945757,0.620914571424782,0.290256640520975,"Copadichromis_likomae","precaudal"
"87","Copadichromis_likomae_NHMUK_1962_10_18_113_118_8bit_b_v+4",2.46255060513307,1.9071370498777,1.29122896820183,0.901197644160797,0.645603190778363,0.255594453382434,"Copadichromis_likomae","precaudal"
"88","Copadichromis_likomae_NHMUK_1962_10_18_113_118_8bit_b_v-2",2.33855413238163,1.86166788455551,1.25616075336659,0.849532846250986,0.621472798045594,0.228060048205392,"Copadichromis_likomae","caudal"
"89","Copadichromis_likomae_NHMUK_1962_10_18_113_118_8bit_b_v-3",2.38673972554816,1.90431825099328,1.25333027938121,0.869928303099124,0.644124071032324,0.225804232066799,"Copadichromis_likomae","caudal"
"90","Copadichromis_likomae_NHMUK_1962_10_18_113_118_8bit_b_v-4",2.32630252646139,1.9919350699841,1.16786062031629,0.844280108606084,0.689106563241655,0.155173545364429,"Copadichromis_likomae","caudal"
"91","Copadichromis_quadrimaculatus_NHMUK_1908_10_27_42_48_8bit_a_v+2",3.0940011713254,2.69997925923571,1.14593516255426,1.12946513073044,0.993244091216225,0.136221039514217,"Copadichromis_quadrimaculatus","precaudal"
"92","Copadichromis_quadrimaculatus_NHMUK_1908_10_27_42_48_8bit_a_v+3",3.3789093440745,2.66643270754365,1.2672021815946,1.21755297815487,0.980741514491684,0.236811463663187,"Copadichromis_quadrimaculatus","precaudal"
"93","Copadichromis_quadrimaculatus_NHMUK_1908_10_27_42_48_8bit_a_v+4",3.34853835717157,2.68875793737773,1.24538483387512,1.20852393933344,0.989079353665267,0.219444585668174,"Copadichromis_quadrimaculatus","precaudal"
"94","Copadichromis_quadrimaculatus_NHMUK_1908_10_27_42_48_8bit_a_v-2",3.36366086657752,2.74631759796557,1.22478946683707,1.2130299244775,1.01026095905756,0.202768965419944,"Copadichromis_quadrimaculatus","caudal"
"95","Copadichromis_quadrimaculatus_NHMUK_1908_10_27_42_48_8bit_a_v-3",3.32865231848409,2.79847391735613,1.18945268628012,1.20256751291156,1.02907423908291,0.173493273828647,"Copadichromis_quadrimaculatus","caudal"
"96","Copadichromis_quadrimaculatus_NHMUK_1908_10_27_42_48_8bit_a_v-4",3.37853659022738,2.80699314435396,1.20361412247231,1.21744265426886,1.0321138550376,0.185328799231258,"Copadichromis_quadrimaculatus","caudal"
"97","Copadichromis_trimaculatus_NHMUK_1962_10_18_129_136_8bit_b_v+2",2.02159189304414,1.34463056953603,1.50345525294855,0.703885266915694,0.296119305835287,0.407765961080408,"Copadichromis_trimaculatus","precaudal"
"98","Copadichromis_trimaculatus_NHMUK_1962_10_18_129_136_8bit_b_v+3",2.04018944763361,1.31781930087374,1.54815568893317,0.713042670031363,0.275978325674847,0.437064344356516,"Copadichromis_trimaculatus","precaudal"
"99","Copadichromis_trimaculatus_NHMUK_1962_10_18_129_136_8bit_b_v+4",2.05125314356129,1.31175156514415,1.5637512453327,0.718450895931062,0.271363316756566,0.447087579174496,"Copadichromis_trimaculatus","precaudal"
"100","Copadichromis_trimaculatus_NHMUK_1962_10_18_129_136_8bit_b_v-2",1.94551981796045,1.43739713325085,1.35350194664742,0.665529199954684,0.362833931651199,0.302695268303486,"Copadichromis_trimaculatus","caudal"
"101","Copadichromis_trimaculatus_NHMUK_1962_10_18_129_136_8bit_b_v-3",1.97791213644967,1.4484593811153,1.36552820343963,0.682041811814343,0.370500495801156,0.311541316013188,"Copadichromis_trimaculatus","caudal"
"102","Copadichromis_trimaculatus_NHMUK_1962_10_18_129_136_8bit_b_v-4",1.91500041327841,1.45099817082986,1.31978141101527,0.649717838443767,0.372251713274008,0.277466125169758,"Copadichromis_trimaculatus","caudal"
"103","Copadichromis_virginalis_NHMUK_1962_10_18_32_39_8bit_b_v+2",2.02160383330075,1.42982367283924,1.41388331421762,0.703891173261771,0.357551130962218,0.346340042299553,"Copadichromis_virginalis","precaudal"
"104","Copadichromis_virginalis_NHMUK_1962_10_18_32_39_8bit_b_v+3",2.04840909905692,1.45916474536427,1.40382304709914,0.717063442627693,0.3778641797968,0.339199262830893,"Copadichromis_virginalis","precaudal"
"105","Copadichromis_virginalis_NHMUK_1962_10_18_32_39_8bit_b_v+4",2.07037359392773,1.40797066071916,1.47046643207057,0.727729071151019,0.342149419961327,0.385579651189691,"Copadichromis_virginalis","precaudal"
"106","Copadichromis_virginalis_NHMUK_1962_10_18_32_39_8bit_b_v-2",2.02191177521185,1.56323598359759,1.29341429984146,0.704043487209091,0.446758021231304,0.257285465977787,"Copadichromis_virginalis","caudal"
"107","Copadichromis_virginalis_NHMUK_1962_10_18_32_39_8bit_b_v-3",2.02661904871472,1.54100327898394,1.31512961481235,0.706368911333962,0.43243368416436,0.273935227169602,"Copadichromis_virginalis","caudal"
"108","Copadichromis_virginalis_NHMUK_1962_10_18_32_39_8bit_b_v-4",1.99932583372475,1.56473799613319,1.27773840647158,0.692810040597028,0.447718395365346,0.245091645231682,"Copadichromis_virginalis","caudal"
"109","Ctenopharynx_intermedius_YPM-Ich-014528_8bit_v11_v+4",2.62676796469835,2.0076329072795,1.30839057039458,0.965754179698548,0.696956370016916,0.268797809681631,"Ctenopharynx_intermedius","precaudal"
"110","Ctenopharynx_intermedius_YPM-Ich-014528_8bit_v12_v+3",2.76516593970071,1.97743780923503,1.39835797959705,1.01710064753181,0.68180197097931,0.335298676552502,"Ctenopharynx_intermedius","precaudal"
"111","Ctenopharynx_intermedius_YPM-Ich-014528_8bit_v13_v+2",2.71341015988591,2.0214733234872,1.34229333049277,0.998206205399759,0.703826613616461,0.294379591783297,"Ctenopharynx_intermedius","precaudal"
"112","Ctenopharynx_intermedius_YPM-Ich-014528_8bit_v17_v-2",2.65238663080062,2.10728991815956,1.25867191217672,0.97545985008388,0.745402722964135,0.230057127119745,"Ctenopharynx_intermedius","caudal"
"113","Ctenopharynx_intermedius_YPM-Ich-014528_8bit_v18_v-3",2.61081040412713,2.07248782581552,1.2597470400579,0.959660672805125,0.728749733855906,0.230910938949219,"Ctenopharynx_intermedius","caudal"
"114","Ctenopharynx_intermedius_YPM-Ich-014528_8bit_v19_v-4",2.56841658472956,2.11281971976647,1.2156345194532,0.943289594139134,0.74802341543246,0.195266178706674,"Ctenopharynx_intermedius","caudal"
"115","Cynotilapia_afra_CAMZM_D28-A06_v12_v+4",1.46172761065714,0.807142154816104,1.81099153592117,0.379619031149183,-0.214255474036683,0.593874505185866,"Cynotilapia_afra","precaudal"
"116","Cynotilapia_afra_CAMZM_D28-A06_v13_v+3",1.39896318111503,0.805330632763824,1.73712898057027,0.335731377334899,-0.216502361957342,0.552233739292241,"Cynotilapia_afra","precaudal"
"117","Cynotilapia_afra_CAMZM_D28-A06_v14_v+2",1.42988758058763,0.822962007319292,1.73748917674259,0.357595826207812,-0.194845243016701,0.552441069224513,"Cynotilapia_afra","precaudal"
"118","Cynotilapia_afra_CAMZM_D28-A06_v18_v-2",1.28418079651322,0.819660136986572,1.56672349741739,0.250121002608642,-0.198865491728609,0.44898649433725,"Cynotilapia_afra","caudal"
"119","Cynotilapia_afra_CAMZM_D28-A06_v19_v-3",1.26360427231138,0.82483784458811,1.53194264860916,0.233968171003212,-0.192568463980747,0.426536634983959,"Cynotilapia_afra","caudal"
"120","Cynotilapia_afra_CAMZM_D28-A06_v20_v-4",1.2376262780221,0.816020680226899,1.51666043276988,0.213195253100834,-0.203315580923852,0.416510834024686,"Cynotilapia_afra","caudal"
"121","Dimidiochromis_compressiceps_UniBri_213_8bit_v+2",1.7835199507635,1.27805053856926,1.395500331904,0.578588912052813,0.245335900219831,0.333253011832982,"Dimidiochromis_compressiceps","precaudal"
"122","Dimidiochromis_compressiceps_UniBri_213_8bit_v+3",1.74111997097339,1.24407878735437,1.39952548718881,0.554528567644194,0.218395326197633,0.336133241446561,"Dimidiochromis_compressiceps","precaudal"
"123","Dimidiochromis_compressiceps_UniBri_213_8bit_v+4",1.80768085847501,1.28156337828384,1.41052786706164,0.592044730058952,0.248080721926679,0.343964008132272,"Dimidiochromis_compressiceps","precaudal"
"124","Dimidiochromis_compressiceps_UniBri_213_8bit_v-2",1.70978324035023,1.30837446614464,1.30679960866893,0.536366602450732,0.268785501163509,0.267581101287223,"Dimidiochromis_compressiceps","caudal"
"125","Dimidiochromis_compressiceps_UniBri_213_8bit_v-3",1.68959447936123,1.27842043729058,1.32162661834637,0.524488547100955,0.245625282518624,0.278863264582331,"Dimidiochromis_compressiceps","caudal"
"126","Dimidiochromis_compressiceps_UniBri_213_8bit_v-4",1.61572941110752,1.2926851262408,1.24990175744201,0.479786502457069,0.256721548277926,0.223064954179144,"Dimidiochromis_compressiceps","caudal"
"127","Diplotaxodon_aeneus_NHMUK_1996_4_30_17_20_8bit_a_v10_v+4",3.0676353972479,2.09307302730341,1.46561317127098,1.12090703591094,0.738633334065601,0.382273701845337,"Diplotaxodon_aeneus","precaudal"
"128","Diplotaxodon_aeneus_NHMUK_1996_4_30_17_20_8bit_a_v11_v+3",3.00431543910967,2.10292853805978,1.42863410940323,1.10004973475051,0.743330915192071,0.356718819558443,"Diplotaxodon_aeneus","precaudal"
"129","Diplotaxodon_aeneus_NHMUK_1996_4_30_17_20_8bit_a_v12_v+2",2.9487440698957,2.15504252415408,1.36829971420317,1.08137934068074,0.767810456147138,0.313568884533598,"Diplotaxodon_aeneus","precaudal"
"130","Diplotaxodon_aeneus_NHMUK_1996_4_30_17_20_8bit_a_v16_v-2",2.79601106688444,2.13723235732047,1.30823916141243,1.02819378247691,0.759511701039494,0.268682081437412,"Diplotaxodon_aeneus","caudal"
"131","Diplotaxodon_aeneus_NHMUK_1996_4_30_17_20_8bit_a_v17_v-3",2.75466867562754,2.14011878947989,1.28715690417213,1.0132971724426,0.76086133659594,0.25243583584666,"Diplotaxodon_aeneus","caudal"
"132","Diplotaxodon_aeneus_NHMUK_1996_4_30_17_20_8bit_a_v18_v-4",2.61847427400908,2.10496037447395,1.24395418828892,0.962591809983807,0.744296642479228,0.218295167504579,"Diplotaxodon_aeneus","caudal"
"133","Diplotaxodon_argenteus_NHMUK_1935_6_14_2281_2282_8bit_v13_v+4",3.22863657127096,2.2952174151423,1.40668006001113,1.17205993396171,0.8308275732923,0.341232360669409,"Diplotaxodon_argenteus","precaudal"
"134","Diplotaxodon_argenteus_NHMUK_1935_6_14_2281_2282_8bit_v14_v+3",3.05456076899814,2.23884266616212,1.36434811394512,1.11663580781833,0.805959065456707,0.310676742361619,"Diplotaxodon_argenteus","precaudal"
"135","Diplotaxodon_argenteus_NHMUK_1935_6_14_2281_2282_8bit_v15_v+2",3.26318245190103,2.24947499887939,1.45064179576418,1.18270293143291,0.810696855158375,0.372006076274534,"Diplotaxodon_argenteus","precaudal"
"136","Diplotaxodon_argenteus_NHMUK_1935_6_14_2281_2282_8bit_v19_v-2",2.91528779074816,2.37920336075059,1.22532097879537,1.0699685424586,0.866765709277645,0.203202833180955,"Diplotaxodon_argenteus","caudal"
"137","Diplotaxodon_argenteus_NHMUK_1935_6_14_2281_2282_8bit_v20_v-3",2.9729522440441,2.41508417535389,1.23099321935993,1.08955548066599,0.88173414171611,0.207821338949881,"Diplotaxodon_argenteus","caudal"
"138","Diplotaxodon_argenteus_NHMUK_1935_6_14_2281_2282_8bit_v21_v-4",2.93159909060842,2.3558912889944,1.24436942583193,1.07554803886635,0.856919122532226,0.218628916334124,"Diplotaxodon_argenteus","caudal"
"139","Diplotaxodon_limnothrissa_NHMUK_1992_3_25_2_17_8bit_a_v15_v+4",2.32337284166795,1.43219214033359,1.6222494009266,0.843019940981813,0.359206235748237,0.483813705233576,"Diplotaxodon_limnothrissa","precaudal"
"140","Diplotaxodon_limnothrissa_NHMUK_1992_3_25_2_17_8bit_a_v16_v+3",2.36588127144903,1.37182571581365,1.72462233662517,0.861150583168185,0.316142491944449,0.545008091223735,"Diplotaxodon_limnothrissa","precaudal"
"141","Diplotaxodon_limnothrissa_NHMUK_1992_3_25_2_17_8bit_a_v17_v+2",2.32889711344912,1.41197652115723,1.64938798808099,0.845394813648653,0.344990510857187,0.500404302791466,"Diplotaxodon_limnothrissa","precaudal"
"142","Diplotaxodon_limnothrissa_NHMUK_1992_3_25_2_17_8bit_a_v20_v-2",2.21727511007496,1.62240513293048,1.36665932883853,0.796279014083435,0.483909698198233,0.312369315885202,"Diplotaxodon_limnothrissa","caudal"
"143","Diplotaxodon_limnothrissa_NHMUK_1992_3_25_2_17_8bit_a_v21_v-3",2.26895471985231,1.56923053965036,1.4459027290903,0.819319249605769,0.450585397087384,0.368733852518385,"Diplotaxodon_limnothrissa","caudal"
"144","Diplotaxodon_limnothrissa_NHMUK_1992_3_25_2_17_8bit_a_v22_v-4",2.228640374183,1.50678671363004,1.47906824106108,0.801391701855032,0.409979379190052,0.391412322664979,"Diplotaxodon_limnothrissa","caudal"
"145","Diplotaxodon_macrops_black_dorsal_UniBri_DRC090_8bit_v+2",3.04673479927087,1.79213461004677,1.70005912624574,1.11407045954709,0.583407428945182,0.53066303060191,"Diplotaxodon_macrops","precaudal"
"146","Diplotaxodon_macrops_black_dorsal_UniBri_DRC090_8bit_v+3",2.99046944283265,1.89602763541735,1.57722882671718,1.09543037937057,0.639760979368666,0.455669400001902,"Diplotaxodon_macrops","precaudal"
"147","Diplotaxodon_macrops_black_dorsal_UniBri_DRC090_8bit_v+4",2.93019788133927,1.83618371402101,1.59580866498511,1.07506995704177,0.607689349295366,0.467380607746404,"Diplotaxodon_macrops","precaudal"
"148","Diplotaxodon_macrops_black_dorsal_UniBri_DRC090_8bit_v-2",2.83642426826381,1.92307929273263,1.47493880204667,1.04254419842006,0.65392769962687,0.388616498793191,"Diplotaxodon_macrops","caudal"
"149","Diplotaxodon_macrops_black_dorsal_UniBri_DRC090_8bit_v-3",2.76538298451585,1.92306203283923,1.43801028635203,1.01717913696142,0.653918724453086,0.363260412508338,"Diplotaxodon_macrops","caudal"
"150","Diplotaxodon_macrops_black_dorsal_UniBri_DRC090_8bit_v-4",2.71666315406491,1.92595052571194,1.41055708222862,0.999404345601586,0.655419625461339,0.343984720140247,"Diplotaxodon_macrops","caudal"
"151","Diplotaxodon_macrops_ngulube_UniBri_DRC060_8bit_v+2",2.43220880913691,1.68527989555697,1.44320763307574,0.888799819438356,0.521931660132397,0.366868159305959,"Diplotaxodon_macrops","precaudal"
"152","Diplotaxodon_macrops_ngulube_UniBri_DRC060_8bit_v+3",2.64719528367568,1.74025510759064,1.5211535780755,0.973500695996176,0.55403171603756,0.419468979958616,"Diplotaxodon_macrops","precaudal"
"153","Diplotaxodon_macrops_ngulube_UniBri_DRC060_8bit_v+4",2.51547381023351,1.73107266467914,1.45313010918566,0.922461179538852,0.548741253752712,0.37371992578614,"Diplotaxodon_macrops","precaudal"
"154","Diplotaxodon_macrops_ngulube_UniBri_DRC060_8bit_v-2",2.48236602979443,1.74069620537669,1.42607654461868,0.909212149637852,0.554285151233144,0.354926998404708,"Diplotaxodon_macrops","caudal"
"155","Diplotaxodon_macrops_ngulube_UniBri_DRC060_8bit_v-3",2.42603685687901,1.77886123927809,1.3638145591747,0.886259002854523,0.57597340636003,0.310285596494493,"Diplotaxodon_macrops","caudal"
"156","Diplotaxodon_macrops_ngulube_UniBri_DRC060_8bit_v-4",2.4393553232946,1.80299856424824,1.35294357503367,0.891733792630525,0.589451147908187,0.302282644722338,"Diplotaxodon_macrops","caudal"
"157","Genyochromis_mento_NHMUK_1965_10_26_24_29_8bit_b_v11_v+4",2.51031426289357,1.96499970604153,1.27751381090564,0.920407949646351,0.675492095724026,0.244915853922326,"Genyochromis_mento","precaudal"
"158","Genyochromis_mento_NHMUK_1965_10_26_24_29_8bit_b_v12_v+3",2.24897623892933,1.95703793861751,1.14917355180046,0.810475107749884,0.671432074336152,0.139043033413731,"Genyochromis_mento","precaudal"
"159","Genyochromis_mento_NHMUK_1965_10_26_24_29_8bit_b_v13_v+2",2.43258593292313,2.00955420503349,1.21051023497154,0.888954861452244,0.697912908931717,0.191041952520526,"Genyochromis_mento","precaudal"
"160","Genyochromis_mento_NHMUK_1965_10_26_24_29_8bit_b_v16_v-2",2.54036761455592,2.13452367039959,1.19013326007313,0.932308800698175,0.758243516589666,0.17406528410851,"Genyochromis_mento","caudal"
"161","Genyochromis_mento_NHMUK_1965_10_26_24_29_8bit_b_v17_v-3",2.47074189372582,2.12653087608239,1.16186504579588,0.904518467372616,0.754491955278086,0.15002651209453,"Genyochromis_mento","caudal"
"162","Genyochromis_mento_NHMUK_1965_10_26_24_29_8bit_b_v18_v-4",2.4524139711779,2.12775875097124,1.15258084125302,0.897072833831085,0.755069196148167,0.142003637682917,"Genyochromis_mento","caudal"
"163","Gephyrochromis_moorii_YPM-Ich-028230_8bit_v12_v+4",2.44500900614455,1.58719916298391,1.54045507530886,0.894048806414753,0.461970930194448,0.432077876220305,"Gephyrochromis_moorii","precaudal"
"164","Gephyrochromis_moorii_YPM-Ich-028230_8bit_v13_v+3",2.36119218643104,1.4494875847539,1.62898407083074,0.859166655227235,0.37121010415069,0.487956551076545,"Gephyrochromis_moorii","precaudal"
"165","Gephyrochromis_moorii_YPM-Ich-028230_8bit_v14_v+2",2.41133055773683,1.43775652243647,1.67714805678677,0.880178693798165,0.363083928159579,0.517094765638586,"Gephyrochromis_moorii","precaudal"
"166","Gephyrochromis_moorii_YPM-Ich-028230_8bit_v18_v-2",2.36012109230996,1.67644060862502,1.40781670413346,0.858712928022021,0.516672860483943,0.342040067538077,"Gephyrochromis_moorii","caudal"
"167","Gephyrochromis_moorii_YPM-Ich-028230_8bit_v19_v-3",2.33685393832438,1.68631173101106,1.38577814252842,0.848805553956288,0.522543736327016,0.326261817629272,"Gephyrochromis_moorii","caudal"
"168","Gephyrochromis_moorii_YPM-Ich-028230_8bit_v20_v-4",2.30099824418741,1.58147597792005,1.45496882425851,0.833343047987926,0.458358574220479,0.374984473767447,"Gephyrochromis_moorii","caudal"
"169","Hemitilapia_oxyrhynchus_UniBri_40_8bit_v+2",2.13324982002518,1.45967672173415,1.46145361384595,0.757646554068063,0.378214987732689,0.379431566335374,"Hemitilapia_oxyrhynchus","precaudal"
"170","Hemitilapia_oxyrhynchus_UniBri_40_8bit_v+3",2.28680125296464,1.45062838664673,1.57642113860105,0.827154008319301,0.371996832655974,0.455157175663327,"Hemitilapia_oxyrhynchus","precaudal"
"171","Hemitilapia_oxyrhynchus_UniBri_40_8bit_v+4",2.0927716515975,1.4521350960084,1.44116870210635,0.738489336507376,0.373034953402625,0.365454383104751,"Hemitilapia_oxyrhynchus","precaudal"
"172","Hemitilapia_oxyrhynchus_UniBri_40_8bit_v-2",1.99857675833136,1.45561555200821,1.3730114078364,0.692435306403331,0.375428870958347,0.317006435444984,"Hemitilapia_oxyrhynchus","caudal"
"173","Hemitilapia_oxyrhynchus_UniBri_40_8bit_v-3",2.07814423932359,1.51524291914442,1.37149246042807,0.731475302839599,0.415575768777403,0.315899534062196,"Hemitilapia_oxyrhynchus","caudal"
"174","Hemitilapia_oxyrhynchus_UniBri_40_8bit_v-4",2.07306548377198,1.4975629434485,1.38429272228001,0.729028421846178,0.403839082477055,0.325189339369123,"Hemitilapia_oxyrhynchus","caudal"
"175","Iodotropheus_sprengerae_NHMUK_1971_9_8_7_8_8bit_a_v11_v+4",1.17494629376146,0.737816077247787,1.5924650193911,0.161222439114451,-0.304060703263013,0.465283142377464,"Iodotropheus_sprengerae","precaudal"
"176","Iodotropheus_sprengerae_NHMUK_1971_9_8_7_8_8bit_a_v12_v+3",1.20963381021713,0.731250804872759,1.65419826160412,0.190317677620891,-0.31299877975598,0.503316457376871,"Iodotropheus_sprengerae","precaudal"
"177","Iodotropheus_sprengerae_NHMUK_1971_9_8_7_8_8bit_a_v13_v+2",1.16885464390347,0.722869399505309,1.61696517338175,0.156024332503418,-0.324526710062303,0.480551042565721,"Iodotropheus_sprengerae","precaudal"
"178","Iodotropheus_sprengerae_NHMUK_1971_9_8_7_8_8bit_a_v16_v-2",1.11618985545271,0.729789150817345,1.52946896264847,0.109920970863519,-0.314999621057205,0.424920591920725,"Iodotropheus_sprengerae","caudal"
"179","Iodotropheus_sprengerae_NHMUK_1971_9_8_7_8_8bit_a_v17_v-3",1.08568418364078,0.732789671596933,1.48157680944765,0.0822103722585904,-0.310896560158044,0.393106932416634,"Iodotropheus_sprengerae","caudal"
"180","Iodotropheus_sprengerae_NHMUK_1971_9_8_7_8_8bit_a_v18_v-4",1.07071222720632,0.722136580096557,1.48270044298706,0.0683240599415986,-0.325540988870725,0.393865048812324,"Iodotropheus_sprengerae","caudal"
"181","Lethrinops_albus_NHMUK_1930_1_31_171_180_v+2",2.53282353090627,1.85803420733447,1.36317378921664,0.929334700572977,0.619519051058807,0.30981564951417,"Lethrinops_albus","precaudal"
"182","Lethrinops_albus_NHMUK_1930_1_31_171_180_v+3",2.62106018034676,1.82966538768244,1.43253525917477,0.963578884911996,0.604133101873585,0.359445783038411,"Lethrinops_albus","precaudal"
"183","Lethrinops_albus_NHMUK_1930_1_31_171_180_v+4",2.52930785466864,1.85206018553077,1.36567260309836,0.927945690081111,0.616298633282761,0.31164705679835,"Lethrinops_albus","precaudal"
"184","Lethrinops_albus_NHMUK_1930_1_31_171_180_v-2",2.53364259388678,1.94239929410112,1.30438813563267,0.929658027707699,0.663923958467161,0.265734069240537,"Lethrinops_albus","caudal"
"185","Lethrinops_albus_NHMUK_1930_1_31_171_180_v-3",2.59434226704177,1.90504689630182,1.36182593304031,0.953333022850086,0.644506625756929,0.308826397093157,"Lethrinops_albus","caudal"
"186","Lethrinops_albus_NHMUK_1930_1_31_171_180_v-4",2.64025246214999,1.87322894219368,1.40946597753186,0.970874542188275,0.627663648877163,0.343210893311112,"Lethrinops_albus","caudal"
"187","Lethrinops_auritus_NHMUK_1978_10_31_2_6_8bit_b_v10_v+4",1.7254615473728,1.06450313519854,1.6209079055939,0.545494578388921,0.0625081505781935,0.482986427810728,"Lethrinops_auritus","precaudal"
"188","Lethrinops_auritus_NHMUK_1978_10_31_2_6_8bit_b_v11_v+3",1.71280407759044,1.11167398667561,1.54074314782922,0.53813183894816,0.105866975393486,0.432264863554674,"Lethrinops_auritus","precaudal"
"189","Lethrinops_auritus_NHMUK_1978_10_31_2_6_8bit_b_v12_v+2",1.73675837041351,1.08044524895573,1.60744690403528,0.552020370163815,0.0773732237288091,0.474647146435005,"Lethrinops_auritus","precaudal"
"190","Lethrinops_auritus_NHMUK_1978_10_31_2_6_8bit_b_v15_v-2",1.61987704106056,1.15523945420694,1.4022002409644,0.482350245783795,0.144307642145698,0.338042603638097,"Lethrinops_auritus","caudal"
"191","Lethrinops_auritus_NHMUK_1978_10_31_2_6_8bit_b_v16_v-3",1.61119976075702,1.18486467366552,1.35981753576346,0.476979094494701,0.169628568627463,0.307350525867238,"Lethrinops_auritus","caudal"
"192","Lethrinops_auritus_NHMUK_1978_10_31_2_6_8bit_b_v17_v-4",1.61494855592262,1.18440293307043,1.36351279689594,0.479303102249389,0.169238793661033,0.310064308588356,"Lethrinops_auritus","caudal"
"193","Lethrinops_gossei_UniBri_ref_only_8bit_v+2",2.70588386017976,2.12768250818858,1.27175170626535,0.995428609455678,0.755033363068572,0.240395246387106,"Lethrinops_gossei","precaudal"
"194","Lethrinops_gossei_UniBri_ref_only_8bit_v+3",2.75937608594525,2.21731246470737,1.24446875659873,1.01500459835765,0.796295861031107,0.218708737326545,"Lethrinops_gossei","precaudal"
"195","Lethrinops_gossei_UniBri_ref_only_8bit_v+4",2.81500723526631,2.08462362821859,1.35036713446056,1.03496483184281,0.734588324912303,0.30037650693051,"Lethrinops_gossei","precaudal"
"196","Lethrinops_gossei_UniBri_ref_only_8bit_v-2",2.57242871283771,2.22390598294564,1.15671648557303,0.944850477103119,0.799265101639393,0.145585375463727,"Lethrinops_gossei","caudal"
"197","Lethrinops_gossei_UniBri_ref_only_8bit_v-3",2.80137061200849,2.23343827177433,1.25428611455779,1.03010880170176,0.803542223986578,0.226566577715185,"Lethrinops_gossei","caudal"
"198","Lethrinops_gossei_UniBri_ref_only_8bit_v-4",2.59667875567406,2.18001678393758,1.19112787332944,0.954233226790637,0.779332575825296,0.174900650965342,"Lethrinops_gossei","caudal"
"199","Lethrinops_lethrinus_YPM-Ich-014443_8bit_v10_v+3",3.65044337868498,2.84680537296129,1.28229467787175,1.2948486338294,1.04619744380992,0.248651190019476,"Lethrinops_lethrinus","precaudal"
"200","Lethrinops_lethrinus_YPM-Ich-014443_8bit_v11_v+2",3.59670618339609,2.76639214789632,1.30014328812029,1.28001847758405,1.01754399755952,0.262474480024529,"Lethrinops_lethrinus","precaudal"
"201","Lethrinops_lethrinus_YPM-Ich-014443_8bit_v15_v-2",3.6515299547936,2.94073906157444,1.24170484981371,1.29514624546588,1.07866093124746,0.216485314218414,"Lethrinops_lethrinus","caudal"
"202","Lethrinops_lethrinus_YPM-Ich-014443_8bit_v16_v-3",3.76493455146147,2.974799024302,1.26560971706143,1.3257304776908,1.09017648185919,0.235553995831604,"Lethrinops_lethrinus","caudal"
"203","Lethrinops_lethrinus_YPM-Ich-014443_8bit_v17_v-4",3.59309977727719,2.93287325654277,1.22511253060853,1.27901527765318,1.07598257615427,0.203032701498909,"Lethrinops_lethrinus","caudal"
"204","Lethrinops_lethrinus_YPM-Ich-014443_8bit_v9_v+4",3.50923361576006,2.70723644329796,1.29624201256877,1.25539767054915,0.995928351959269,0.259469318589882,"Lethrinops_lethrinus","precaudal"
"205","Maylandia_zebra_UniOxf_F0_Poseidon_v11_v+4",1.8359086064892,1.17472640845949,1.56283930732158,0.60753951235865,0.161035276619519,0.446504235739131,"Maylandia_zebra","precaudal"
"206","Maylandia_zebra_UniOxf_F0_Poseidon_v12_v+3",1.84069203798714,1.1760295057836,1.56517504784939,0.610141608511867,0.16214393911373,0.447997669398136,"Maylandia_zebra","precaudal"
"207","Maylandia_zebra_UniOxf_F0_Poseidon_v13_v+2",1.81585362346873,1.18485692732616,1.53255096171528,0.596555673113658,0.169622030864248,0.426933642249411,"Maylandia_zebra","precaudal"
"208","Maylandia_zebra_UniOxf_F0_Poseidon_v17_v-2",1.71313681983201,1.14309859917707,1.49867808521969,0.538326087624701,0.133742644589194,0.404583443035507,"Maylandia_zebra","caudal"
"209","Maylandia_zebra_UniOxf_F0_Poseidon_v18_v-3",1.71838093296165,1.14994812050952,1.49431170181857,0.541382529461753,0.13971682875714,0.401665700704613,"Maylandia_zebra","caudal"
"210","Maylandia_zebra_UniOxf_F0_Poseidon_v19_v-4",1.7046775565187,1.13689363720136,1.49941692057933,0.533375976439395,0.128299663516066,0.405076312923329,"Maylandia_zebra","caudal"
"211","Melanochromis_melanopterus_YPM-Ich-014310_8bit_v12_v+4",1.88119486654635,1.18916999814251,1.58193939427062,0.631907142266382,0.1732555832182,0.458651559048182,"Melanochromis_melanopterus","precaudal"
"212","Melanochromis_melanopterus_YPM-Ich-014310_8bit_v13_v+3",1.93081731758215,1.20308239402377,1.6048920067099,0.657943393886702,0.184886925107498,0.473056468779203,"Melanochromis_melanopterus","precaudal"
"213","Melanochromis_melanopterus_YPM-Ich-014310_8bit_v14_v+2",1.85881422601977,1.1493835845015,1.61722705203412,0.619938771534764,0.139225785191625,0.480712986343139,"Melanochromis_melanopterus","precaudal"
"214","Melanochromis_melanopterus_YPM-Ich-014310_8bit_v18_v-2",1.77458007715182,1.20312502651364,1.47497561603727,0.573563818686306,0.184922360531323,0.388641458154983,"Melanochromis_melanopterus","caudal"
"215","Melanochromis_melanopterus_YPM-Ich-014310_8bit_v19_v-3",1.81276134155964,1.22193878003296,1.48351240764348,0.594851285799237,0.200438761321749,0.394412524477488,"Melanochromis_melanopterus","caudal"
"216","Melanochromis_melanopterus_YPM-Ich-014310_8bit_v20_v-4",1.7425577917134,1.20780533347561,1.44274722375913,0.555354029078692,0.18880493874183,0.366549090336862,"Melanochromis_melanopterus","caudal"
"217","Mylochromis_anaphyrmus_UniBri_132_8bit_v10_v+4",2.27878012239548,1.71567443217824,1.32821243917607,0.823640265747493,0.539806258227881,0.283834007519613,"Mylochromis_anaphyrmus","precaudal"
"218","Mylochromis_anaphyrmus_UniBri_132_8bit_v11_v+3",2.29403183758111,1.6781579041816,1.36699403069573,0.830310897242569,0.517696706228848,0.312614191013721,"Mylochromis_anaphyrmus","precaudal"
"219","Mylochromis_anaphyrmus_UniBri_132_8bit_v12_v+2",2.22892748252182,1.68437181648098,1.3232989656515,0.801520520236915,0.521392685083596,0.280127835153319,"Mylochromis_anaphyrmus","precaudal"
"220","Mylochromis_anaphyrmus_UniBri_132_8bit_v16_v-2",2.16205376456107,1.7152624867924,1.2604798281365,0.771058586882405,0.539566122429671,0.231492464452734,"Mylochromis_anaphyrmus","caudal"
"221","Mylochromis_anaphyrmus_UniBri_132_8bit_v17_v-3",2.18606049980997,1.66134703034077,1.31583616179311,0.782101065405209,0.507628737370194,0.274472328035015,"Mylochromis_anaphyrmus","caudal"
"222","Mylochromis_anaphyrmus_UniBri_132_8bit_v18_v-4",2.20141145630103,1.68707489572844,1.30486883651394,0.789098725691476,0.522996198386568,0.266102527304907,"Mylochromis_anaphyrmus","caudal"
"223","Nimbochromis_linni_UniBri_440_8bit_v11_v+4",2.82174624586999,2.15948178911441,1.30667749091191,1.03735592942656,0.769868280465447,0.267487648961108,"Nimbochromis_linni","precaudal"
"224","Nimbochromis_linni_UniBri_440_8bit_v12_v+3",2.77105358531163,2.22254009902882,1.24679576603477,1.01922760359052,0.798650730550844,0.220576873039679,"Nimbochromis_linni","precaudal"
"225","Nimbochromis_linni_UniBri_440_8bit_v13_v+2",2.84601672829108,2.299306328463,1.23777188496391,1.04592037747578,0.83260748112535,0.213312896350434,"Nimbochromis_linni","precaudal"
"226","Nimbochromis_linni_UniBri_440_8bit_v16_v-2",2.77974220326448,2.30693935850622,1.20494810278169,1.02235819076393,0.835921692979739,0.186436497784193,"Nimbochromis_linni","caudal"
"227","Nimbochromis_linni_UniBri_440_8bit_v17_v-3",2.77653375843993,2.31349928646509,1.20014463574023,1.02120330025695,0.838761220942604,0.18244207931435,"Nimbochromis_linni","caudal"
"228","Nimbochromis_linni_UniBri_440_8bit_v18_v-4",2.72255610332422,2.2378490838405,1.21659504342084,1.00157118289427,0.805515174122026,0.196056008772248,"Nimbochromis_linni","caudal"
"229","Nimbochromis_livingstonii_NHMUK_1896_10_5_25_8bit_v11_v+4",3.56276657150745,2.92611736172592,1.21757473507693,1.27053736988517,1.07367641174772,0.196860958137447,"Nimbochromis_livingstonii","precaudal"
"230","Nimbochromis_livingstonii_NHMUK_1896_10_5_25_8bit_v12_v+3",3.41358279625069,2.93598007982858,1.16267232863855,1.22776241311176,1.07704132592972,0.150721087182034,"Nimbochromis_livingstonii","precaudal"
"231","Nimbochromis_livingstonii_NHMUK_1896_10_5_25_8bit_v13_v+2",3.46873686727322,3.07481214736539,1.1281134264561,1.24379051249412,1.12324380910472,0.1205467033894,"Nimbochromis_livingstonii","precaudal"
"232","Nimbochromis_livingstonii_NHMUK_1896_10_5_25_8bit_v16_v-2",3.50677324474369,3.08725506259262,1.13588711449023,1.25469631116734,1.12728236685334,0.127413944313998,"Nimbochromis_livingstonii","caudal"
"233","Nimbochromis_livingstonii_NHMUK_1896_10_5_25_8bit_v17_v-3",3.47213533149001,3.07578654840769,1.12886095209939,1.2447697740022,1.12356065665034,0.121209117351852,"Nimbochromis_livingstonii","caudal"
"234","Nimbochromis_livingstonii_NHMUK_1896_10_5_25_8bit_v18_v-4",3.501335285804,3.03222177819138,1.15470949750003,1.25314440596856,1.10929561094658,0.143848795021976,"Nimbochromis_livingstonii","caudal"
"235","Nimbochromis_polystigma_NHMUK_1921_9_6_102_107_8bit_b_v11_v+4",3.95630317843547,2.89118694651159,1.36840102408771,1.37531004844667,1.06166712594234,0.313642922504331,"Nimbochromis_polystigma","precaudal"
"236","Nimbochromis_polystigma_NHMUK_1921_9_6_102_107_8bit_b_v12_v+3",3.99814041226375,2.93794056103196,1.36086497640354,1.38582935608774,1.07770884644831,0.308120509639432,"Nimbochromis_polystigma","precaudal"
"237","Nimbochromis_polystigma_NHMUK_1921_9_6_102_107_8bit_b_v13_v+2",4.00429235601758,2.96615803000603,1.34999292536327,1.38736687477584,1.08726752281089,0.300099351964952,"Nimbochromis_polystigma","precaudal"
"238","Nimbochromis_polystigma_NHMUK_1921_9_6_102_107_8bit_b_v17_v-2",3.91821774592808,3.17403578274774,1.23445922293167,1.3656368937637,1.15500389574821,0.210632998015485,"Nimbochromis_polystigma","caudal"
"239","Nimbochromis_polystigma_NHMUK_1921_9_6_102_107_8bit_b_v18_v-3",3.89746199375958,3.00542292088055,1.29680983221412,1.36032557046147,1.10041829714611,0.259907273315367,"Nimbochromis_polystigma","caudal"
"240","Nimbochromis_polystigma_NHMUK_1921_9_6_102_107_8bit_b_v19_v-4",3.8619703702022,3.06118755468007,1.26159220930382,1.35117751183867,1.11880293044166,0.232374581397009,"Nimbochromis_polystigma","caudal"
"241","Otopharynx_lithobates_NHMUK_1974_7_5_2_3_8bit_b_v11_v+4",1.62610389691166,1.11104473794883,1.46358093546594,0.48618690632392,0.10530077802752,0.3808861282964,"Otopharynx_lithobates","precaudal"
"242","Otopharynx_lithobates_NHMUK_1974_7_5_2_3_8bit_b_v12_v+3",1.64757967553127,1.12687522503993,1.46207817770852,0.499307347700877,0.119448514678082,0.379858833022795,"Otopharynx_lithobates","precaudal"
"243","Otopharynx_lithobates_NHMUK_1974_7_5_2_3_8bit_b_v13_v+2",1.62419899643493,1.14068679110599,1.42387814875996,0.485014768983291,0.131630529345844,0.353384239637447,"Otopharynx_lithobates","precaudal"
"244","Otopharynx_lithobates_NHMUK_1974_7_5_2_3_8bit_b_v17_v-2",1.56042635156674,1.17846280043606,1.32412015974483,0.44495908620755,0.164210877716447,0.280748208491102,"Otopharynx_lithobates","caudal"
"245","Otopharynx_lithobates_NHMUK_1974_7_5_2_3_8bit_b_v18_v-3",1.54284326293388,1.2020129160885,1.28354965432026,0.433626988787835,0.183997581553205,0.249629407234629,"Otopharynx_lithobates","caudal"
"246","Otopharynx_lithobates_NHMUK_1974_7_5_2_3_8bit_b_v19_v-4",1.53729357093659,1.18825290110512,1.29374274576299,0.430023448879006,0.172484078002898,0.257539370876108,"Otopharynx_lithobates","caudal"
"247","Otopharynx_speciosus_NHMUK_1935_6_14_1649_8bit_v11_v+4",4.66084604921854,4.05476877656739,1.14947270881479,1.53919698728462,1.39989366413328,0.139303323151341,"Otopharynx_speciosus","precaudal"
"248","Otopharynx_speciosus_NHMUK_1935_6_14_1649_8bit_v12_v+3",4.70236930095565,4.16144048060667,1.129985956274,1.54806648828328,1.42586128371237,0.122205204570911,"Otopharynx_speciosus","precaudal"
"249","Otopharynx_speciosus_NHMUK_1935_6_14_1649_8bit_v13_v+2",4.89885006649176,4.14959119191151,1.18056209393367,1.58900049726705,1.42300982141725,0.165990675849798,"Otopharynx_speciosus","precaudal"
"250","Otopharynx_speciosus_NHMUK_1935_6_14_1649_8bit_v16_v-2",4.74627968746909,4.28972316810156,1.1064302989905,1.55736108747591,1.45622220127775,0.101138886198162,"Otopharynx_speciosus","caudal"
"251","Otopharynx_speciosus_NHMUK_1935_6_14_1649_8bit_v17_v-3",4.52832428285693,4.14348217017155,1.09287891123457,1.51035195557521,1.42153653821373,0.0888154173614839,"Otopharynx_speciosus","caudal"
"252","Otopharynx_speciosus_NHMUK_1935_6_14_1649_8bit_v18_v-4",4.60974265317433,4.02214389757619,1.14609093323395,1.52817203184393,1.39181506832761,0.136356963516316,"Otopharynx_speciosus","caudal"
"253","Otopharynx_tetrastigma_NHMUK_1893_11_15_34_37_8bit_v+2",2.17364875251642,1.50769580343102,1.44170246250597,0.776407208265851,0.410582527374452,0.365824680891399,"Otopharynx_tetrastigma","precaudal"
"254","Otopharynx_tetrastigma_NHMUK_1893_11_15_34_37_8bit_v+3",2.26028325484262,1.43767339530788,1.57218131894176,0.815490139431704,0.363026109237895,0.452464030193809,"Otopharynx_tetrastigma","precaudal"
"255","Otopharynx_tetrastigma_NHMUK_1893_11_15_34_37_8bit_v+4",2.27933001933625,1.51395518814147,1.50554655592835,0.823881548615323,0.414725556255861,0.409155992359462,"Otopharynx_tetrastigma","precaudal"
"256","Otopharynx_tetrastigma_NHMUK_1893_11_15_34_37_8bit_v-2",2.13548005296291,1.38196663361853,1.54524718688135,0.758691470568759,0.323507581507365,0.435183889061393,"Otopharynx_tetrastigma","caudal"
"257","Otopharynx_tetrastigma_NHMUK_1893_11_15_34_37_8bit_v-3",2.28864819073539,1.49185552331737,1.5340950614616,0.827961333542227,0.400020662855144,0.427940670687083,"Otopharynx_tetrastigma","caudal"
"258","Otopharynx_tetrastigma_NHMUK_1893_11_15_34_37_8bit_v-4",2.28247304142595,1.24178620103503,1.83805637357179,0.825259522431889,0.216550827819783,0.608708694612107,"Otopharynx_tetrastigma","caudal"
"259","Pallidochromis_tokolosh_NHMUK_1994_8_11_5_16_8bit_b_v12_v+4",3.20230145605359,2.50658983645594,1.27755303619252,1.16386975631844,0.918923198473884,0.244946557844553,"Pallidochromis_tokolosh","precaudal"
"260","Pallidochromis_tokolosh_NHMUK_1994_8_11_5_16_8bit_b_v13_v+3",3.09281278367727,2.4784207359273,1.24789658948689,1.12908096283033,0.90762155730432,0.221459405526007,"Pallidochromis_tokolosh","precaudal"
"261","Pallidochromis_tokolosh_NHMUK_1994_8_11_5_16_8bit_b_v14_v+2",3.10433147021946,2.49024659799711,1.24659600889175,1.1327983847057,0.912381740913147,0.220416643792551,"Pallidochromis_tokolosh","precaudal"
"262","Pallidochromis_tokolosh_NHMUK_1994_8_11_5_16_8bit_b_v17_v-2",2.93698444653527,2.49639128630492,1.17649202777122,1.07738335650456,0.914846203567299,0.162537152937263,"Pallidochromis_tokolosh","caudal"
"263","Pallidochromis_tokolosh_NHMUK_1994_8_11_5_16_8bit_b_v18_v-3",2.95611426041234,2.42408769903263,1.21947496437197,1.08387565606434,0.885455247021513,0.198420409042827,"Pallidochromis_tokolosh","caudal"
"264","Pallidochromis_tokolosh_NHMUK_1994_8_11_5_16_8bit_b_v19_v-4",2.91982593395995,2.40720088113046,1.21295482934052,1.07152400284579,0.878464612373206,0.193059390472589,"Pallidochromis_tokolosh","caudal"
"265","Petrotilapia_genalutea_NHMUK_1981_2_2_222_226_8bit_v12_v+4",2.94259054822693,1.74596826803188,1.68536313179617,1.07929033222834,0.55730928315826,0.521981049070079,"Petrotilapia_genalutea","precaudal"
"266","Petrotilapia_genalutea_NHMUK_1981_2_2_222_226_8bit_v13_v+3",2.81256294885306,1.75109779270632,1.60617126043329,1.03409614909449,0.560242901376574,0.473853247717918,"Petrotilapia_genalutea","precaudal"
"267","Petrotilapia_genalutea_NHMUK_1981_2_2_222_226_8bit_v14_v+2",2.84521070968412,1.77676860244329,1.60134004268849,1.04563712799362,0.574796322597338,0.470840805396279,"Petrotilapia_genalutea","precaudal"
"268","Petrotilapia_genalutea_NHMUK_1981_2_2_222_226_8bit_v17_v-2",2.46241168911891,1.93484058879811,1.27266902677937,0.901141231134303,0.660024940038005,0.241116291096298,"Petrotilapia_genalutea","caudal"
"269","Petrotilapia_genalutea_NHMUK_1981_2_2_222_226_8bit_v18_v-3",2.54878919999133,1.98497400242716,1.28404160300072,0.935618422873131,0.685605817039364,0.250012605833766,"Petrotilapia_genalutea","caudal"
"270","Petrotilapia_genalutea_NHMUK_1981_2_2_222_226_8bit_v19_v-4",2.57271371088786,1.93846954792576,1.32718809724959,0.944961260450585,0.661898768913769,0.283062491536817,"Petrotilapia_genalutea","caudal"
"271","Placidochromis_electra_UniBri_439_8bit_v11_v+4",2.84079812291182,1.8236246869607,1.55777564496912,1.04408504188611,0.600826106752193,0.443258935133916,"Placidochromis_electra","precaudal"
"272","Placidochromis_electra_UniBri_439_8bit_v12_v+3",2.80602748120959,1.79667105548116,1.56179255665591,1.03176977536345,0.585935539003704,0.44583423635975,"Placidochromis_electra","precaudal"
"273","Placidochromis_electra_UniBri_439_8bit_v13_v+2",2.78477181772914,1.7989883670196,1.54796543923333,1.02416593742982,0.587224488588176,0.436941448841645,"Placidochromis_electra","precaudal"
"274","Placidochromis_electra_UniBri_439_8bit_v17_v-2",2.79745404246274,1.95350402269856,1.43201857275848,1.02870973299491,0.66962469473716,0.359085038257754,"Placidochromis_electra","caudal"
"275","Placidochromis_electra_UniBri_439_8bit_v18_v-3",2.74538106873709,1.95741181049443,1.40255670984412,1.00991988818153,0.671623095757821,0.338296792423713,"Placidochromis_electra","caudal"
"276","Placidochromis_electra_UniBri_439_8bit_v19_v-4",2.73324834130729,1.93734869192342,1.41081899851167,1.00549077047498,0.661320384704691,0.344170385770284,"Placidochromis_electra","caudal"
"277","Placidochromis_johnstoni_UniBri_438_8bit_v+2",3.04926700353865,2.32829719424355,1.30965540442072,1.11490123502759,0.845137182478788,0.269764052548803,"Placidochromis_johnstoni","precaudal"
"278","Placidochromis_johnstoni_UniBri_438_8bit_v+3",2.97676225247348,2.3258395450226,1.27986569789128,1.09083621739795,0.844081068493721,0.246755148904227,"Placidochromis_johnstoni","precaudal"
"279","Placidochromis_johnstoni_UniBri_438_8bit_v+4",2.99590526804159,2.38172862020107,1.25787012115119,1.09724644567629,0.867826535056042,0.229419910620248,"Placidochromis_johnstoni","precaudal"
"280","Placidochromis_johnstoni_UniBri_438_8bit_v-2",3.05228429399889,2.33960905136866,1.30461296181656,1.11589025914918,0.849983843346841,0.265906415802341,"Placidochromis_johnstoni","caudal"
"281","Placidochromis_johnstoni_UniBri_438_8bit_v-3",3.07336389082838,2.37868229322235,1.29204471718876,1.12277269163677,0.866546676048089,0.256226015588681,"Placidochromis_johnstoni","caudal"
"282","Placidochromis_johnstoni_UniBri_438_8bit_v-4",2.99909992527774,2.32991667182596,1.28721338472905,1.09831221874421,0.845832503773268,0.252479714970944,"Placidochromis_johnstoni","caudal"
"283","Placidochromis_milomo_UniBri_206_8bit_v+2",3.17919214079283,2.47646397652783,1.28376272416055,1.15662712074166,0.906831726817939,0.24979539392372,"Placidochromis_milomo","precaudal"
"284","Placidochromis_milomo_UniBri_206_8bit_v+3",3.24824426806881,2.47423696265553,1.31282666821958,1.17811462515784,0.905932050570125,0.272182574587711,"Placidochromis_milomo","precaudal"
"285","Placidochromis_milomo_UniBri_206_8bit_v+4",3.18324418553847,2.56210858059886,1.24243141357984,1.15790086088951,0.940830583762612,0.217070277126896,"Placidochromis_milomo","precaudal"
"286","Placidochromis_milomo_UniBri_206_8bit_v-2",3.03764530157931,2.49846642350988,1.21580393196238,1.11108264343345,0.91567711305258,0.19540553038087,"Placidochromis_milomo","caudal"
"287","Placidochromis_milomo_UniBri_206_8bit_v-3",2.9407865589215,2.45799086595359,1.19641883119066,1.07867708261707,0.899344295088765,0.179332787528302,"Placidochromis_milomo","caudal"
"288","Placidochromis_milomo_UniBri_206_8bit_v-4",2.95361875321547,2.46921479950705,1.19617732479375,1.08303111458017,0.903900205164162,0.179130909416006,"Placidochromis_milomo","caudal"
"289","Protomelas_spilopterus_UniBri_211_8bit_v10_v+4",2.80822414097874,2.05087379591887,1.36928178933631,1.03255230526381,0.718265944246682,0.314286361017131,"Protomelas_spilopterus","precaudal"
"290","Protomelas_spilopterus_UniBri_211_8bit_v11_v+3",2.84870186898583,2.06524998316436,1.37934966333764,1.04686340594958,0.725251276308613,0.321612129640967,"Protomelas_spilopterus","precaudal"
"291","Protomelas_spilopterus_UniBri_211_8bit_v12_v+2",2.76807611701762,2.12323226981993,1.30370857506437,1.01815253629989,0.752939583152093,0.265212953147794,"Protomelas_spilopterus","precaudal"
"292","Protomelas_spilopterus_UniBri_211_8bit_v16_v-2",2.75295329333327,2.15422250053894,1.27793358979611,1.01267426028218,0.767429869842819,0.245244390439359,"Protomelas_spilopterus","caudal"
"293","Protomelas_spilopterus_UniBri_211_8bit_v17_v-3",2.72793788565136,2.09936845596717,1.29940881882719,1.00354597053261,0.741636564245732,0.261909406286879,"Protomelas_spilopterus","caudal"
"294","Protomelas_spilopterus_UniBri_211_8bit_v18_v-4",2.6906692635447,2.06008245217942,1.30609785093707,0.989789959525708,0.722746007330313,0.267043952195396,"Protomelas_spilopterus","caudal"
"295","Rhamphochromis_esox_NHMUK_1986_2_5_49_50_8bit_a_v14_v+4",4.19405685298191,3.25145011194078,1.28990349185413,1.43366848817753,1.17910108511872,0.254567403058806,"Rhamphochromis_esox","precaudal"
"296","Rhamphochromis_esox_NHMUK_1986_2_5_49_50_8bit_a_v15_v+3",3.96172432775081,3.25325401510037,1.21777282356742,1.37667936679222,1.17965573085528,0.197023635936939,"Rhamphochromis_esox","precaudal"
"297","Rhamphochromis_esox_NHMUK_1986_2_5_49_50_8bit_a_v16_v+2",4.05799998910356,3.28979360984231,1.23351202852451,1.40069023871845,1.19082483023878,0.209865408479665,"Rhamphochromis_esox","precaudal"
"298","Rhamphochromis_esox_NHMUK_1986_2_5_49_50_8bit_a_v19_v-2",3.85040757520803,3.4892836162735,1.10349515793165,1.34817900638693,1.24969644760066,0.0984825587862646,"Rhamphochromis_esox","caudal"
"299","Rhamphochromis_esox_NHMUK_1986_2_5_49_50_8bit_a_v20_v-3",3.76551652652512,3.40297545328574,1.10653649378791,1.32588504348208,1.22465018223555,0.101234861246533,"Rhamphochromis_esox","caudal"
"300","Rhamphochromis_esox_NHMUK_1986_2_5_49_50_8bit_a_v21_v-4",3.84028212225217,3.51471917510204,1.09262843798628,1.3455458332374,1.25695962878565,0.0885862044517463,"Rhamphochromis_esox","caudal"
"301","Rhamphochromis_ferox_NHMUK_1935_6_14_2202_2207_8bit_a_v14_v+4",1.72530167921796,1.35577968941552,1.27255312399741,0.545401921695627,0.304376705385865,0.241025216309762,"Rhamphochromis_ferox","precaudal"
"302","Rhamphochromis_ferox_NHMUK_1935_6_14_2202_2207_8bit_a_v15_v+3",1.67655945458561,1.29894330600308,1.29071026182388,0.516743749811951,0.261551092396588,0.255192657415363,"Rhamphochromis_ferox","precaudal"
"303","Rhamphochromis_ferox_NHMUK_1935_6_14_2202_2207_8bit_a_v16_v+2",1.69656380092776,1.29295421915325,1.31216076779488,0.528604911919484,0.256929692475534,0.27167521944395,"Rhamphochromis_ferox","precaudal"
"304","Rhamphochromis_ferox_NHMUK_1935_6_14_2202_2207_8bit_a_v20_v-2",1.6044216370681,1.33757265839456,1.19950241730705,0.472763340903662,0.290856522345844,0.181906818557819,"Rhamphochromis_ferox","caudal"
"305","Rhamphochromis_ferox_NHMUK_1935_6_14_2202_2207_8bit_a_v21_v-3",1.64049580603938,1.38953339632597,1.18060912416857,0.494998516902113,0.328968004690983,0.16603051221113,"Rhamphochromis_ferox","caudal"
"306","Rhamphochromis_ferox_NHMUK_1935_6_14_2202_2207_8bit_a_v22_v-4",1.5907168703631,1.34496559233086,1.18271937916743,0.464184776488054,0.296368430816435,0.167816345671619,"Rhamphochromis_ferox","caudal"
"307","Rhamphochromis_longiceps_NHMUK_1935_6_14_2175_2176_8bit_a_v15_v+4",4.22548888868903,3.4440992275157,1.22687780158325,1.44113496741405,1.2366623978565,0.204472569557543,"Rhamphochromis_longiceps","precaudal"
"308","Rhamphochromis_longiceps_NHMUK_1935_6_14_2175_2176_8bit_a_v16_v+3",3.92436738664842,3.35615324752857,1.16930518281258,1.36720516286803,1.21079545130751,0.15640971156052,"Rhamphochromis_longiceps","precaudal"
"309","Rhamphochromis_longiceps_NHMUK_1935_6_14_2175_2176_8bit_a_v17_v+2",4.01228882824394,3.33075833720502,1.20461721387173,1.38936185859618,1.20320000695646,0.186161851639716,"Rhamphochromis_longiceps","precaudal"
"310","Rhamphochromis_longiceps_NHMUK_1935_6_14_2175_2176_8bit_a_v20_v-2",4.00169162365922,3.7608646286613,1.06403500757847,1.38671717763519,1.32464888539753,0.0620682922376585,"Rhamphochromis_longiceps","caudal"
"311","Rhamphochromis_longiceps_NHMUK_1935_6_14_2175_2176_8bit_a_v21_v-3",3.94242840595424,3.65626791714027,1.07826573306416,1.37179688013512,1.29644293240046,0.0753539477346696,"Rhamphochromis_longiceps","caudal"
"312","Rhamphochromis_longiceps_NHMUK_1935_6_14_2175_2176_8bit_a_v22_v-4",3.98621822111595,3.7488095605717,1.06332907999414,1.38284296718516,1.32143833907002,0.0614046281151361,"Rhamphochromis_longiceps","caudal"
"313","Rhamphochromis_woodi_NHMUK_1935_6_14_2185_2187_8bit_b_v14_v+4",4.02145497429722,3.31316109860753,1.21378190030885,1.39164377105343,1.19790274833763,0.1937410227158,"Rhamphochromis_woodi","precaudal"
"314","Rhamphochromis_woodi_NHMUK_1935_6_14_2185_2187_8bit_b_v15_v+3",3.85202457895246,3.10930204507675,1.23887114314022,1.3485988747443,1.13439827819967,0.214200596544628,"Rhamphochromis_woodi","precaudal"
"315","Rhamphochromis_woodi_NHMUK_1935_6_14_2185_2187_8bit_b_v16_v+2",3.86101828886613,3.26777235719271,1.1815444488866,1.35093095409195,1.18410851642975,0.166822437662197,"Rhamphochromis_woodi","precaudal"
"316","Rhamphochromis_woodi_NHMUK_1935_6_14_2185_2187_8bit_b_v19_v-2",3.86756668393734,3.33819021605789,1.15858187629122,1.35262554544633,1.20542880865437,0.147196736791955,"Rhamphochromis_woodi","caudal"
"317","Rhamphochromis_woodi_NHMUK_1935_6_14_2185_2187_8bit_b_v20_v-3",3.82117461613394,3.41171351267295,1.12001626219201,1.34055786648731,1.22721466147143,0.113343205015888,"Rhamphochromis_woodi","caudal"
"318","Rhamphochromis_woodi_NHMUK_1935_6_14_2185_2187_8bit_b_v21_v-4",3.7747803896696,3.37058255546131,1.1199192802898,1.3283422060868,1.21508559454687,0.113256611539933,"Rhamphochromis_woodi","caudal"
"319","Stigmatochromis_macrorhynchos_UniBri_SG9_8bit_v10_v+4",2.28357577856416,1.82161962663187,1.25359638487561,0.825742538362349,0.59972601010102,0.226016528261329,"Stigmatochromis_macrorhynchos","precaudal"
"320","Stigmatochromis_macrorhynchos_UniBri_SG9_8bit_v11_v+3",2.36456435350154,1.84672826165001,1.28040730334026,0.860593799268347,0.61341556621895,0.247178233049397,"Stigmatochromis_macrorhynchos","precaudal"
"321","Stigmatochromis_macrorhynchos_UniBri_SG9_8bit_v12_v+2",2.30408755844556,1.83516561919221,1.25552022899152,0.834684744909111,0.607134733124311,0.227550011784799,"Stigmatochromis_macrorhynchos","precaudal"
"322","Stigmatochromis_macrorhynchos_UniBri_SG9_8bit_v16_v-2",2.24995478621282,1.71320992163109,1.31329777968524,0.810910120997899,0.538368758028258,0.272541362969641,"Stigmatochromis_macrorhynchos","caudal"
"323","Stigmatochromis_macrorhynchos_UniBri_SG9_8bit_v17_v-3",2.20171460041738,1.72146677961862,1.27897594451701,0.789236420644072,0.543176706264103,0.246059714379968,"Stigmatochromis_macrorhynchos","caudal"
"324","Stigmatochromis_macrorhynchos_UniBri_SG9_8bit_v18_v-4",2.26291308396432,1.68655408553873,1.34173763140332,0.816652958474273,0.522687444699225,0.293965513775049,"Stigmatochromis_macrorhynchos","caudal"
"325","Tramitichromis_brevis_YPM_Ich_007847_v10_v+4",2.21511920267507,1.57692434679491,1.40470860709158,0.795306218155191,0.455476333967076,0.339829884188116,"Tramitichromis_brevis","precaudal"
"326","Tramitichromis_brevis_YPM_Ich_007847_v11_v+3",2.39994378283612,1.62814933284923,1.47403173309433,0.875445313261277,0.48744399116798,0.388001322093297,"Tramitichromis_brevis","precaudal"
"327","Tramitichromis_brevis_YPM_Ich_007847_v12_v+2",2.32296677083595,1.64544383273859,1.41175695251155,0.842845149267515,0.498010154961855,0.34483499430566,"Tramitichromis_brevis","precaudal"
"328","Tramitichromis_brevis_YPM_Ich_007847_v16_v-2",2.27145521227732,1.7240627637639,1.31750146225441,0.820420688777642,0.544683577474357,0.275737111303285,"Tramitichromis_brevis","caudal"
"329","Tramitichromis_brevis_YPM_Ich_007847_v17_v-3",2.29348995054062,1.74323942277867,1.3156482813387,0.830074653332224,0.555745119570775,0.274329533761449,"Tramitichromis_brevis","caudal"
"330","Tramitichromis_brevis_YPM_Ich_007847_v18_v-4",2.27020145978872,1.72699030465562,1.3145420988576,0.819868576360973,0.546380185168251,0.273488391192722,"Tramitichromis_brevis","caudal"
"331","Trematocranus_placodon_UniBri_220_8bit_v10_v+4",3.74282469480962,2.78483620782115,1.34400173493076,1.31984059234848,1.02418905937726,0.295651532971225,"Trematocranus_placodon","precaudal"
"332","Trematocranus_placodon_UniBri_220_8bit_v11_v+3",3.86672492716105,2.84970553507381,1.35688578330985,1.35240787669993,1.04721566791584,0.305192208784091,"Trematocranus_placodon","precaudal"
"333","Trematocranus_placodon_UniBri_220_8bit_v12_v+2",3.76329797366754,2.90299027659471,1.29635224892382,1.32529569361253,1.06574133560344,0.259554358009089,"Trematocranus_placodon","precaudal"
"334","Trematocranus_placodon_UniBri_220_8bit_v15_v-2",3.91594304365507,2.84898574576633,1.37450425979641,1.36505618004131,1.04696305226223,0.318093127779081,"Trematocranus_placodon","caudal"
"335","Trematocranus_placodon_UniBri_220_8bit_v16_v-3",3.83693177165939,2.89146136258513,1.32698704582688,1.34467302941774,1.06176203611466,0.282910993303081,"Trematocranus_placodon","caudal"
"336","Trematocranus_placodon_UniBri_220_8bit_v17_v-4",3.86720447055929,2.91328545735398,1.3274375364753,1.35253188698609,1.06928146746178,0.283250419524307,"Trematocranus_placodon","caudal"
"337","Tropheops_tropheops_NHMUK_2012_1_17_18_25_8bit_b_v+2",2.15086944631229,1.47050112910147,1.46267786113606,0.765872154028127,0.385603246846686,0.380268907181441,"Tropheops_tropheops","precaudal"
"338","Tropheops_tropheops_NHMUK_2012_1_17_18_25_8bit_b_v+3",2.2218818833702,1.5207162116887,1.46107594980057,0.79835453200532,0.419181415782603,0.379173116222718,"Tropheops_tropheops","precaudal"
"339","Tropheops_tropheops_NHMUK_2012_1_17_18_25_8bit_b_v+4",2.06814417941199,1.55349328837159,1.331286201809,0.726651673467356,0.440506129514366,0.28614554395299,"Tropheops_tropheops","precaudal"
"340","Tropheops_tropheops_NHMUK_2012_1_17_18_25_8bit_b_v-2",2.0549366348635,1.6476708488027,1.24717666538602,0.7202450128565,0.499362683870786,0.220882328985714,"Tropheops_tropheops","caudal"
"341","Tropheops_tropheops_NHMUK_2012_1_17_18_25_8bit_b_v-3",2.03332439080587,1.63893389861067,1.24063843729727,0.709672084537158,0.494045968631547,0.215626115905611,"Tropheops_tropheops","caudal"
"342","Tropheops_tropheops_NHMUK_2012_1_17_18_25_8bit_b_v-4",1.97523666448271,1.61732290155141,1.22130012664013,0.68068822129186,0.480772252404068,0.199915968887792,"Tropheops_tropheops","caudal"
"343","Tyrannochromis_macrostoma_UniBri_201_8bit_v11_v+4",2.13058739974313,1.71224951496245,1.24432063266776,0.75639771622982,0.537808011820876,0.218589704408943,"Tyrannochromis_macrostoma","precaudal"
"344","Tyrannochromis_macrostoma_UniBri_201_8bit_v12_v+3",2.14693346090074,1.74548257828911,1.2299942076793,0.764040526753952,0.557031066584535,0.207009460169418,"Tyrannochromis_macrostoma","precaudal"
"345","Tyrannochromis_macrostoma_UniBri_201_8bit_v13_v+2",2.07529325050149,1.72518035195453,1.20294278111288,0.730102469240033,0.545331596875858,0.184770872364175,"Tyrannochromis_macrostoma","precaudal"
"346","Tyrannochromis_macrostoma_UniBri_201_8bit_v17_v-2",2.05924233603661,1.70920156014,1.20479783312855,0.722338117106721,0.536026337576925,0.186311779529796,"Tyrannochromis_macrostoma","caudal"
"347","Tyrannochromis_macrostoma_UniBri_201_8bit_v18_v-3",2.07521593171821,1.74561741672697,1.18881486391746,0.73006521174709,0.557108313548596,0.172956898198494,"Tyrannochromis_macrostoma","caudal"
"348","Tyrannochromis_macrostoma_UniBri_201_8bit_v19_v-4",2.04075504211363,1.73112896860044,1.17885788934808,0.713319858062253,0.548773778676024,0.164546079386229,"Tyrannochromis_macrostoma","caudal"
